<?xml version="1.0" encoding="UTF-8"?>
<!DOCTYPE suite SYSTEM "https://testng.org/testng-1.0.dtd">
<suite thread-count="2" parallel="tests" name="Suite">
	<test name="TestRunner-Firefox">
		<parameter name="Browser" value="firefox"></parameter>
		<classes>
			<class name="com.crm.comcast.contacttest.CreateContTest" />
			<class name="com.crm.comcast.orgtest.CreateOrgTest" />
		</classes>
	</test> <!-- Test -->
	<test name="TestRunner-Chrome">
		<parameter name="Browser" value="chrome"></parameter>
		<classes>
			<class name="com.crm.comcast.contacttest.CreateContTest" />
			<class name="com.crm.comcast.orgtest.CreateOrgTest" />
		</classes>
	</test>
</suite> <!-- Suite -->
